,Name,Fueltype,Technology,Set,Country,Capacity,Efficiency,Duration,Volume_Mm3,DamHeight_m,StorageCapacity_MWh,DateIn,DateRetrofit,DateOut,lat,lon,EIC,projectID,bus
1,Gitaru,Hydro,Reservoir,PP,KE,225.0,,,20.0,135.0,0.0,1978.0,1978.0,2078.0,-0.794361,37.22,{nan},,
2,Kamburu,Hydro,Reservoir,PP,KE,94.2,,,150.0,82.0,0.0,1974.0,1974.0,2074.0,-0.806419,37.686117,{nan},,
3,Kiambere,Hydro,Reservoir,PP,KE,168.0,,,585.0,151.0,0.0,1988.0,1988.0,2088.0,-0.599185,37.8884,{nan},,
4,Turkwel,Hydro,Reservoir,PP,KE,106.0,,,1600.0,356.0,0.0,1990.0,1990.0,2090.0,1.912874,35.356729,{nan},,
5,Sondu,Hydro,,PP,KE,60.0,,,0.0,0.0,0.0,2007.0,2007.0,2107.0,-0.343206,34.851267,{nan},,
6,Sangoro,Hydro,,PP,KE,21.0,,,0.0,0.0,0.0,2013.0,2013.0,2113.0,-0.353945,34.813128,{nan},,
7,Wanji,Hydro,,PP,KE,7.4,,,0.0,0.0,0.0,1952.0,1952.0,2052.0,-0.749229,37.174731,{nan},,
8,GenPro Shp,Hydro,,PP,KE,5,,,0.0,0.0,0.0,2023.0,2023.0,2123.0,0.812663,34.588565,{nan},,
9,KTDA Gura,Hydro,,PP,KE,2,,,0.0,0.0,0.0,2023.0,2023.0,2123.0,-0.500292,36.881208,{nan},,
10,Tana,Hydro,,PP,KE,20,,,0.0,0.0,0.0,2013.0,2013.0,2113.0,-0.785475,37.265444,"{nan, nan, nan, nan}",,
11,Kindaruma Kenya,Hydro,Reservoir,PP,KE,72.0,,,16.0,36.0,0.0,1968.0,1968.0,2068.0,-0.809966,37.812768,"{nan, nan}",,
12,Masinga Kenya,Hydro,Reservoir,PP,KE,40.0,,,1560.0,49.0,0.0,1980.0,1980.0,2080.0,-0.889582,37.594499,"{nan, nan}",,
13,Sagana,Hydro,,PP,KE,1.5,,,0.0,0.0,0.0,1956.0,1956.0,2056.0,-0.474453,37.052851,"{nan, nan, nan, nan}",,
14,Olkaria I,Geothermal,Steam Turbine,PP,KE,45.0,,,0.0,0.0,0.0,1981.0,1981.0,2031.0,-0.893046,36.30903,"{nan, nan, nan, nan, nan}",,
15,Olkaria II,Geothermal,Steam Turbine,PP,KE,105.0,,,0.0,0.0,0.0,1982.0,1982.0,2032.0,-0.864012,36.299186,"{nan, nan, nan}",,
16,Olkaria IV,Geothermal,Steam Turbine,PP,KE,150.0,,,0.0,0.0,0.0,2014.0,2014.0,2064.0,-0.917744,36.334583,"{nan, nan, nan}",,
17,Olkaria V,Geothermal,Steam Turbine,PP,KE,165.4,,,0.0,0.0,0.0,2015.0,2015.0,2065.0,-0.907081,36.321013,"{nan, nan, nan}",,
18,Olkaria I Units 4 and 5,Geothermal,Steam Turbine,PP,KE,150.0,,,0.0,0.0,0.0,2015.0,2015.0,2065.0,-0.887333,36.306947,"{nan, nan, nan, nan, nan}",,
19,Eburru Wellheads,Geothermal,Steam Turbine,PP,KE,2.4,,,0.0,0.0,0.0,2012.0,2012.0,2062.0,-0.641099,36.248754,"{nan, nan, nan, nan, nan}",,
20,Wellheads,Geothermal,Steam Turbine,PP,KE,81.1,,,0.0,0.0,0.0,2012.0,2012.0,2062.0,-0.908107,36.353186,"{nan, nan, nan, nan, nan}",,
21,Orpower 4 Inc. I,Geothermal,Steam Turbine,PP,KE,63.8,,,0.0,0.0,0.0,2000.0,2000.0,2050.0,-0.888644,36.253612,"{nan, nan, nan}",,
22,Orpower 4 Inc. II,Geothermal,Steam Turbine,PP,KE,39.6,,,0.0,0.0,0.0,2013.0,2013.0,2063.0,-0.888644,36.253612,"{nan, nan, nan}",,
23,Orpower 4 Inc. III,Geothermal,Steam Turbine,PP,KE,17.6,,,0.0,0.0,0.0,2014.0,2014.0,2064.0,-0.888644,36.253612,"{nan, nan, nan}",,
24,Orpower 4 Inc. IV,Geothermal,Steam Turbine,PP,KE,29.0,,,0.0,0.0,0.0,2016.0,2016.0,2066.0,-0.888644,36.253612,"{nan, nan, nan}",,
25,Kipevu I,Oil,,PP,KE,73.5,,,0.0,0.0,0.0,1999.0,1999.0,2024.0,-4.03890378414121,39.63592206879085,"{nan, nan}",,
26,Kipevu III,Oil,,PP,KE,120.0,,,0.0,0.0,0.0,2011.0,2011.0,2041.0,-4.03890378414121,39.63592206879085,"{nan, nan}",,
27,Iberafrica I,Oil,,PP,KE,56.346,,,0.0,0.0,0.0,2004.0,2004.0,2034.0,-1.30202,36.884354,{nan},,
28,Iberafrica II,Oil,,PP,KE,52.5,,,0.0,0.0,0.0,2004.0,2004.0,2034.0,-1.30202,36.884354,{nan},,
29,Rabai,Oil,,PP,KE,90.0,,,0.0,0.0,0.0,2009.0,2009.0,2039.0,-3.9334,39.5626,{nan},,
30,Gulf Energy,Oil,,PP,KE,80.0,,,0.0,0.0,0.0,2014.0,2014.0,2044.0,-1.45308748273557,37.0050258813396,{nan},,
31,Triumph Diesel,Oil,,PP,KE,83,,,0.0,0.0,0.0,2015.0,2015.0,2045.0,-1.46215652669281,36.955510668257,{nan},,
32,Thika,Oil,,PP,KE,87.0,,,0.0,0.0,0.0,2013.0,2013.0,2043.0,-1.05997318300946,37.0502330692313,{nan},,
33,Tsavo,Oil,,PP,KE,74,,,0.0,0.0,0.0,2023.0,2023.0,2048.0,-4.039225,39.634028,{nan},,
34,Gas Turbines,CCGT,CCGT,PP,KE,60.0,,,0.0,0.0,0.0,1987.0,1987.0,2027.0,-0.210822,35.151119,{nan},,
